"Sample","Barcode","Study","Sample ID","Generation","Morph","Exposure","Fish #","Tissue","RGID","RGSM","RGLB","Lane","Read1File","Read2File"
"BaP_0001","GTAAACGACTTG","BaP/AHR Trans","BaP_0001","F0","CoMo","DMSO",1,"Fecal","TGACTAATGGCC.1","lane1-s001-index-TGACTAATGGCC-BaP_0867_3","UnknownLibrary",1,"/nfs2/hts/miseq/211220_M01498_0865_000000000-K5JL5/L1/lane1-s001-index-TGACTAATGGCC-BaP_0867_3_S1_R1_001.fastq.gz","/nfs2/hts/miseq/211220_M01498_0865_000000000-K5JL5/L1/lane1-s001-index-TGACTAATGGCC-BaP_0867_3_S1_R2_001.fastq.gz"
"BaP_0002","TATACCGCTGCG","BaP/AHR Trans","BaP_0002","F0","CoMo","DMSO",2,"Fecal","GTGGAGTCTCAT.1","lane1-s002-index-GTGGAGTCTCAT-BaP_0868_4","UnknownLibrary",1,"/nfs2/hts/miseq/211220_M01498_0865_000000000-K5JL5/L1/lane1-s002-index-GTGGAGTCTCAT-BaP_0868_4_S2_R1_001.fastq.gz","/nfs2/hts/miseq/211220_M01498_0865_000000000-K5JL5/L1/lane1-s002-index-GTGGAGTCTCAT-BaP_0868_4_S2_R2_001.fastq.gz"
"BaP_0003","TTCGATGCCGCA","BaP/AHR Trans","BaP_0003","F0","CoMo","DMSO",3,"Fecal","TGATGTGCTAAG.1","lane1-s003-index-TGATGTGCTAAG-BaP_0869_5","UnknownLibrary",1,"/nfs2/hts/miseq/211220_M01498_0865_000000000-K5JL5/L1/lane1-s003-index-TGATGTGCTAAG-BaP_0869_5_S3_R1_001.fastq.gz","/nfs2/hts/miseq/211220_M01498_0865_000000000-K5JL5/L1/lane1-s003-index-TGATGTGCTAAG-BaP_0869_5_S3_R2_001.fastq.gz"
"BaP_0004","TCGTTATTCAGT","BaP/AHR Trans","BaP_0004","F0","CoMo","DMSO",4,"Fecal","TGTGCACGCCAT.1","lane1-s004-index-TGTGCACGCCAT-BaP_0870_6","UnknownLibrary",1,"/nfs2/hts/miseq/211220_M01498_0865_000000000-K5JL5/L1/lane1-s004-index-TGTGCACGCCAT-BaP_0870_6_S4_R1_001.fastq.gz","/nfs2/hts/miseq/211220_M01498_0865_000000000-K5JL5/L1/lane1-s004-index-TGTGCACGCCAT-BaP_0870_6_S4_R2_001.fastq.gz"
"BaP_0005","ACTCTGTAATTA","BaP/AHR Trans","BaP_0005","F0","CoMo","DMSO",5,"Fecal","GGTGAGCAAGCA.1","lane1-s005-index-GGTGAGCAAGCA-BaP_0871_7","UnknownLibrary",1,"/nfs2/hts/miseq/211220_M01498_0865_000000000-K5JL5/L1/lane1-s005-index-GGTGAGCAAGCA-BaP_0871_7_S5_R1_001.fastq.gz","/nfs2/hts/miseq/211220_M01498_0865_000000000-K5JL5/L1/lane1-s005-index-GGTGAGCAAGCA-BaP_0871_7_S5_R2_001.fastq.gz"
"BaP_0006","ATATGTTCTCAA","BaP/AHR Trans","BaP_0006","F0","CoMo","DMSO",6,"Fecal","CTATGTATTAGT.1","lane1-s006-index-CTATGTATTAGT-BaP_0872_8","UnknownLibrary",1,"/nfs2/hts/miseq/211220_M01498_0865_000000000-K5JL5/L1/lane1-s006-index-CTATGTATTAGT-BaP_0872_8_S6_R1_001.fastq.gz","/nfs2/hts/miseq/211220_M01498_0865_000000000-K5JL5/L1/lane1-s006-index-CTATGTATTAGT-BaP_0872_8_S6_R2_001.fastq.gz"
"BaP_0007","TCAGACCAACTG","BaP/AHR Trans","BaP_0007","F0","CoMo","DMSO",7,"Fecal","TCCATACCGGAA.1","lane1-s007-index-TCCATACCGGAA-BaP_0937_37","UnknownLibrary",1,"/nfs2/hts/miseq/211220_M01498_0865_000000000-K5JL5/L1/lane1-s007-index-TCCATACCGGAA-BaP_0937_37_S7_R1_001.fastq.gz","/nfs2/hts/miseq/211220_M01498_0865_000000000-K5JL5/L1/lane1-s007-index-TCCATACCGGAA-BaP_0937_37_S7_R2_001.fastq.gz"
"BaP_0008","TCATTAGCGTGG","BaP/AHR Trans","BaP_0008","F0","CoMo","DMSO",8,"Fecal","ATGCTGCAACAC.1","lane1-s008-index-ATGCTGCAACAC-BaP_0938_38","UnknownLibrary",1,"/nfs2/hts/miseq/211220_M01498_0865_000000000-K5JL5/L1/lane1-s008-index-ATGCTGCAACAC-BaP_0938_38_S8_R1_001.fastq.gz","/nfs2/hts/miseq/211220_M01498_0865_000000000-K5JL5/L1/lane1-s008-index-ATGCTGCAACAC-BaP_0938_38_S8_R2_001.fastq.gz"
"BaP_0009","ACTGTGACGTCC","BaP/AHR Trans","BaP_0009","F0","CoMo","DMSO",9,"Fecal","CGGGACACCCGA.1","lane1-s009-index-CGGGACACCCGA-BaP_0939_39","UnknownLibrary",1,"/nfs2/hts/miseq/211220_M01498_0865_000000000-K5JL5/L1/lane1-s009-index-CGGGACACCCGA-BaP_0939_39_S9_R1_001.fastq.gz","/nfs2/hts/miseq/211220_M01498_0865_000000000-K5JL5/L1/lane1-s009-index-CGGGACACCCGA-BaP_0939_39_S9_R2_001.fastq.gz"
"BaP_0010","CCTACCATTGTT","BaP/AHR Trans","BaP_0010","F0","CoMo","DMSO",10,"Fecal","ACCTTACACCTT.1","lane1-s010-index-ACCTTACACCTT-BaP_0940_40","UnknownLibrary",1,"/nfs2/hts/miseq/211220_M01498_0865_000000000-K5JL5/L1/lane1-s010-index-ACCTTACACCTT-BaP_0940_40_S10_R1_001.fastq.gz","/nfs2/hts/miseq/211220_M01498_0865_000000000-K5JL5/L1/lane1-s010-index-ACCTTACACCTT-BaP_0940_40_S10_R2_001.fastq.gz"
"BaP_0011","CATTTCGCACTT","BaP/AHR Trans","BaP_0011","F0","CoMo","DMSO",11,"Fecal","GTAGTAGACCAT.1","lane1-s011-index-GTAGTAGACCAT-BaP_0941_41","UnknownLibrary",1,"/nfs2/hts/miseq/211220_M01498_0865_000000000-K5JL5/L1/lane1-s011-index-GTAGTAGACCAT-BaP_0941_41_S11_R1_001.fastq.gz","/nfs2/hts/miseq/211220_M01498_0865_000000000-K5JL5/L1/lane1-s011-index-GTAGTAGACCAT-BaP_0941_41_S11_R2_001.fastq.gz"
"BaP_0012","CTACTCCACGAG","BaP/AHR Trans","BaP_0012","F0","CoMo","DMSO",12,"Fecal","CCGGACAAGAAG.1","lane1-s012-index-CCGGACAAGAAG-BaP_0942_42","UnknownLibrary",1,"/nfs2/hts/miseq/211220_M01498_0865_000000000-K5JL5/L1/lane1-s012-index-CCGGACAAGAAG-BaP_0942_42_S12_R1_001.fastq.gz","/nfs2/hts/miseq/211220_M01498_0865_000000000-K5JL5/L1/lane1-s012-index-CCGGACAAGAAG-BaP_0942_42_S12_R2_001.fastq.gz"
"BaP_0013","TCAAGTCCGCAC","BaP/AHR Trans","BaP_0013","F0","CoMo","DMSO",13,"Fecal","TAAATATACCCT.1","lane1-s013-index-TAAATATACCCT-BaP_0943_43","UnknownLibrary",1,"/nfs2/hts/miseq/211220_M01498_0865_000000000-K5JL5/L1/lane1-s013-index-TAAATATACCCT-BaP_0943_43_S13_R1_001.fastq.gz","/nfs2/hts/miseq/211220_M01498_0865_000000000-K5JL5/L1/lane1-s013-index-TAAATATACCCT-BaP_0943_43_S13_R2_001.fastq.gz"
"BaP_0014","GTCCGTCCTGGT","BaP/AHR Trans","BaP_0014","F0","CoMo","DMSO",14,"Fecal","ACTCCCGTGTGA.1","lane1-s014-index-ACTCCCGTGTGA-BaP_0944_44","UnknownLibrary",1,"/nfs2/hts/miseq/211220_M01498_0865_000000000-K5JL5/L1/lane1-s014-index-ACTCCCGTGTGA-BaP_0944_44_S14_R1_001.fastq.gz","/nfs2/hts/miseq/211220_M01498_0865_000000000-K5JL5/L1/lane1-s014-index-ACTCCCGTGTGA-BaP_0944_44_S14_R2_001.fastq.gz"
"BaP_0015","CTAGCGTGCGTT","BaP/AHR Trans","BaP_0015","F0","CoMo","DMSO",15,"Fecal","AGCCCTGCTACA.1","lane1-s015-index-AGCCCTGCTACA-BaP_1009_73","UnknownLibrary",1,"/nfs2/hts/miseq/211220_M01498_0865_000000000-K5JL5/L1/lane1-s015-index-AGCCCTGCTACA-BaP_1009_73_S15_R1_001.fastq.gz","/nfs2/hts/miseq/211220_M01498_0865_000000000-K5JL5/L1/lane1-s015-index-AGCCCTGCTACA-BaP_1009_73_S15_R2_001.fastq.gz"
"BaP_0016","GTTCTAAGGTGA","BaP/AHR Trans","BaP_0016","F0","CoMo","DMSO",16,"Fecal","ACTCGCTCGCTG.1","lane1-s016-index-ACTCGCTCGCTG-BaP_1010_74","UnknownLibrary",1,"/nfs2/hts/miseq/211220_M01498_0865_000000000-K5JL5/L1/lane1-s016-index-ACTCGCTCGCTG-BaP_1010_74_S16_R1_001.fastq.gz","/nfs2/hts/miseq/211220_M01498_0865_000000000-K5JL5/L1/lane1-s016-index-ACTCGCTCGCTG-BaP_1010_74_S16_R2_001.fastq.gz"
"BaP_0017","TTGTGTCTCCCT","BaP/AHR Trans","BaP_0017","F0","CoMo","DMSO",17,"Fecal","CTGTCTATACTA.1","lane1-s017-index-CTGTCTATACTA-BaP_1011_75","UnknownLibrary",1,"/nfs2/hts/miseq/211220_M01498_0865_000000000-K5JL5/L1/lane1-s017-index-CTGTCTATACTA-BaP_1011_75_S17_R1_001.fastq.gz","/nfs2/hts/miseq/211220_M01498_0865_000000000-K5JL5/L1/lane1-s017-index-CTGTCTATACTA-BaP_1011_75_S17_R2_001.fastq.gz"
"BaP_0018","TTCAGTTCGTTA","BaP/AHR Trans","BaP_0018","F0","CoMo","DMSO",18,"Fecal","TAATCTCGCCGG.1","lane1-s018-index-TAATCTCGCCGG-BaP_1012_76","UnknownLibrary",1,"/nfs2/hts/miseq/211220_M01498_0865_000000000-K5JL5/L1/lane1-s018-index-TAATCTCGCCGG-BaP_1012_76_S18_R1_001.fastq.gz","/nfs2/hts/miseq/211220_M01498_0865_000000000-K5JL5/L1/lane1-s018-index-TAATCTCGCCGG-BaP_1012_76_S18_R2_001.fastq.gz"
"BaP_0019","GACGTTAAGAAT","BaP/AHR Trans","BaP_0019","F0","CoMo","DMSO",19,"Fecal","AGTAAAGATCGT.1","lane1-s019-index-AGTAAAGATCGT-BaP_1013_77","UnknownLibrary",1,"/nfs2/hts/miseq/211220_M01498_0865_000000000-K5JL5/L1/lane1-s019-index-AGTAAAGATCGT-BaP_1013_77_S19_R1_001.fastq.gz","/nfs2/hts/miseq/211220_M01498_0865_000000000-K5JL5/L1/lane1-s019-index-AGTAAAGATCGT-BaP_1013_77_S19_R2_001.fastq.gz"
"BaP_0020","ATGGGACCTTCA","BaP/AHR Trans","BaP_0020","F0","CoMo","DMSO",20,"Fecal","TTGCTGGACGCT.1","lane1-s020-index-TTGCTGGACGCT-BaP_1014_78","UnknownLibrary",1,"/nfs2/hts/miseq/211220_M01498_0865_000000000-K5JL5/L1/lane1-s020-index-TTGCTGGACGCT-BaP_1014_78_S20_R1_001.fastq.gz","/nfs2/hts/miseq/211220_M01498_0865_000000000-K5JL5/L1/lane1-s020-index-TTGCTGGACGCT-BaP_1014_78_S20_R2_001.fastq.gz"
"BaP_0021","AGGGACTTCAAT","BaP/AHR Trans","BaP_0021","F0","CoMo","DMSO",21,"Fecal","TTGCGGACCCTA.1","lane1-s021-index-TTGCGGACCCTA-BaP_1015_79","UnknownLibrary",1,"/nfs2/hts/miseq/211220_M01498_0865_000000000-K5JL5/L1/lane1-s021-index-TTGCGGACCCTA-BaP_1015_79_S21_R1_001.fastq.gz","/nfs2/hts/miseq/211220_M01498_0865_000000000-K5JL5/L1/lane1-s021-index-TTGCGGACCCTA-BaP_1015_79_S21_R2_001.fastq.gz"
"BaP_0022","GTACGTCACTGA","BaP/AHR Trans","BaP_0022","F0","CoMo","DMSO",22,"Fecal","CGGTATAGCAAT.1","lane1-s022-index-CGGTATAGCAAT-BaP_1016_80","UnknownLibrary",1,"/nfs2/hts/miseq/211220_M01498_0865_000000000-K5JL5/L1/lane1-s022-index-CGGTATAGCAAT-BaP_1016_80_S22_R1_001.fastq.gz","/nfs2/hts/miseq/211220_M01498_0865_000000000-K5JL5/L1/lane1-s022-index-CGGTATAGCAAT-BaP_1016_80_S22_R2_001.fastq.gz"
"BaP_0023","CCGGCCGCGTGC","BaP/AHR Trans","BaP_0023","F0","CoMo","DMSO",23,"Fecal","CCTAACGGTCCA.1","lane1-s023-index-CCTAACGGTCCA-BaP_1081_109","UnknownLibrary",1,"/nfs2/hts/miseq/211220_M01498_0865_000000000-K5JL5/L1/lane1-s023-index-CCTAACGGTCCA-BaP_1081_109_S23_R1_001.fastq.gz","/nfs2/hts/miseq/211220_M01498_0865_000000000-K5JL5/L1/lane1-s023-index-CCTAACGGTCCA-BaP_1081_109_S23_R2_001.fastq.gz"
"BaP_0024","GCCGCCAGGGTC","BaP/AHR Trans","BaP_0024","F0","CoMo","DMSO",24,"Fecal","TTCCTTAGTAGT.1","lane1-s024-index-TTCCTTAGTAGT-BaP_1082_110","UnknownLibrary",1,"/nfs2/hts/miseq/211220_M01498_0865_000000000-K5JL5/L1/lane1-s024-index-TTCCTTAGTAGT-BaP_1082_110_S24_R1_001.fastq.gz","/nfs2/hts/miseq/211220_M01498_0865_000000000-K5JL5/L1/lane1-s024-index-TTCCTTAGTAGT-BaP_1082_110_S24_R2_001.fastq.gz"
"BaP_0025","TTGCACCGTCGA","BaP/AHR Trans","BaP_0025","F0","CoMo","DMSO",25,"Fecal","TATGCCAGAGAT.1","lane1-s025-index-TATGCCAGAGAT-BaP_1083_111","UnknownLibrary",1,"/nfs2/hts/miseq/211220_M01498_0865_000000000-K5JL5/L1/lane1-s025-index-TATGCCAGAGAT-BaP_1083_111_S25_R1_001.fastq.gz","/nfs2/hts/miseq/211220_M01498_0865_000000000-K5JL5/L1/lane1-s025-index-TATGCCAGAGAT-BaP_1083_111_S25_R2_001.fastq.gz"
"BaP_0026","ATTTACAATTGA","BaP/AHR Trans","BaP_0026","F0","CoMo","DMSO",26,"Fecal","ATCTAGTGGCAA.1","lane1-s026-index-ATCTAGTGGCAA-BaP_1084_112","UnknownLibrary",1,"/nfs2/hts/miseq/211220_M01498_0865_000000000-K5JL5/L1/lane1-s026-index-ATCTAGTGGCAA-BaP_1084_112_S26_R1_001.fastq.gz","/nfs2/hts/miseq/211220_M01498_0865_000000000-K5JL5/L1/lane1-s026-index-ATCTAGTGGCAA-BaP_1084_112_S26_R2_001.fastq.gz"
"BaP_0027","GTCACGGACATT","BaP/AHR Trans","BaP_0027","F0","CoMo","DMSO",27,"Fecal","CTCGCCCTCGCC.1","lane1-s027-index-CTCGCCCTCGCC-BaP_1085_113","UnknownLibrary",1,"/nfs2/hts/miseq/211220_M01498_0865_000000000-K5JL5/L1/lane1-s027-index-CTCGCCCTCGCC-BaP_1085_113_S27_R1_001.fastq.gz","/nfs2/hts/miseq/211220_M01498_0865_000000000-K5JL5/L1/lane1-s027-index-CTCGCCCTCGCC-BaP_1085_113_S27_R2_001.fastq.gz"
"BaP_0028","ACAGTTGTACGC","BaP/AHR Trans","BaP_0028","F0","CoMo","DMSO",28,"Fecal","TACTAACGCGGT.1","lane1-s028-index-TACTAACGCGGT-BaP_1086_114","UnknownLibrary",1,"/nfs2/hts/miseq/211220_M01498_0865_000000000-K5JL5/L1/lane1-s028-index-TACTAACGCGGT-BaP_1086_114_S28_R1_001.fastq.gz","/nfs2/hts/miseq/211220_M01498_0865_000000000-K5JL5/L1/lane1-s028-index-TACTAACGCGGT-BaP_1086_114_S28_R2_001.fastq.gz"
"BaP_0029","ACTGGCAAACCT","BaP/AHR Trans","BaP_0029","F0","CoMo","DMSO",29,"Fecal","GTCGTCCAAATG.1","lane1-s029-index-GTCGTCCAAATG-BaP_1087_115","UnknownLibrary",1,"/nfs2/hts/miseq/211220_M01498_0865_000000000-K5JL5/L1/lane1-s029-index-GTCGTCCAAATG-BaP_1087_115_S29_R1_001.fastq.gz","/nfs2/hts/miseq/211220_M01498_0865_000000000-K5JL5/L1/lane1-s029-index-GTCGTCCAAATG-BaP_1087_115_S29_R2_001.fastq.gz"
"BaP_0030","GCATTCGGCGTT","BaP/AHR Trans","BaP_0030","F0","CoMo","DMSO",30,"Fecal","GACTCTGCTCAG.1","lane1-s030-index-GACTCTGCTCAG-BaP_1088_116","UnknownLibrary",1,"/nfs2/hts/miseq/211220_M01498_0865_000000000-K5JL5/L1/lane1-s030-index-GACTCTGCTCAG-BaP_1088_116_S30_R1_001.fastq.gz","/nfs2/hts/miseq/211220_M01498_0865_000000000-K5JL5/L1/lane1-s030-index-GACTCTGCTCAG-BaP_1088_116_S30_R2_001.fastq.gz"
"BaP_0031","ACCAGTGACTCA","BaP/AHR Trans","BaP_0031","F0","CoMo","DMSO",31,"Fecal","CGCGCCTTAAAC.1","lane1-s031-index-CGCGCCTTAAAC-BaP_0873_9","UnknownLibrary",1,"/nfs2/hts/miseq/211220_M01498_0865_000000000-K5JL5/L1/lane1-s031-index-CGCGCCTTAAAC-BaP_0873_9_S31_R1_001.fastq.gz","/nfs2/hts/miseq/211220_M01498_0865_000000000-K5JL5/L1/lane1-s031-index-CGCGCCTTAAAC-BaP_0873_9_S31_R2_001.fastq.gz"
"BaP_0032","GCCTACTCTCGG","BaP/AHR Trans","BaP_0032","F0","CoMo","DMSO",32,"Fecal","CGTCCGTATGAA.1","lane1-s032-index-CGTCCGTATGAA-BaP_0874_10","UnknownLibrary",1,"/nfs2/hts/miseq/211220_M01498_0865_000000000-K5JL5/L1/lane1-s032-index-CGTCCGTATGAA-BaP_0874_10_S32_R1_001.fastq.gz","/nfs2/hts/miseq/211220_M01498_0865_000000000-K5JL5/L1/lane1-s032-index-CGTCCGTATGAA-BaP_0874_10_S32_R2_001.fastq.gz"
"BaP_0033","TCTGGCTACGAC","BaP/AHR Trans","BaP_0033","F0","CoMo","DMSO",33,"Fecal","CGTTTGGAATGA.1","lane1-s033-index-CGTTTGGAATGA-BaP_0875_11","UnknownLibrary",1,"/nfs2/hts/miseq/211220_M01498_0865_000000000-K5JL5/L1/lane1-s033-index-CGTTTGGAATGA-BaP_0875_11_S33_R1_001.fastq.gz","/nfs2/hts/miseq/211220_M01498_0865_000000000-K5JL5/L1/lane1-s033-index-CGTTTGGAATGA-BaP_0875_11_S33_R2_001.fastq.gz"
"BaP_0034","ATAGTTAGGGCT","BaP/AHR Trans","BaP_0034","F0","CoMo","DMSO",34,"Fecal","ACGCTTAACGAC.1","lane1-s034-index-ACGCTTAACGAC-BaP_0876_12","UnknownLibrary",1,"/nfs2/hts/miseq/211220_M01498_0865_000000000-K5JL5/L1/lane1-s034-index-ACGCTTAACGAC-BaP_0876_12_S34_R1_001.fastq.gz","/nfs2/hts/miseq/211220_M01498_0865_000000000-K5JL5/L1/lane1-s034-index-ACGCTTAACGAC-BaP_0876_12_S34_R2_001.fastq.gz"
"BaP_0035","GAATCTGACAAC","BaP/AHR Trans","BaP_0035","F0","CoMo","DMSO",35,"Fecal","TCTCTTTCGACA.1","lane1-s035-index-TCTCTTTCGACA-BaP_0877_13","UnknownLibrary",1,"/nfs2/hts/miseq/211220_M01498_0865_000000000-K5JL5/L1/lane1-s035-index-TCTCTTTCGACA-BaP_0877_13_S35_R1_001.fastq.gz","/nfs2/hts/miseq/211220_M01498_0865_000000000-K5JL5/L1/lane1-s035-index-TCTCTTTCGACA-BaP_0877_13_S35_R2_001.fastq.gz"
"BaP_0036","CTCATCATGTTC","BaP/AHR Trans","BaP_0036","F0","CoMo","DMSO",36,"Fecal","GCGATCACACCT.1","lane1-s036-index-GCGATCACACCT-BaP_0878_14","UnknownLibrary",1,"/nfs2/hts/miseq/211220_M01498_0865_000000000-K5JL5/L1/lane1-s036-index-GCGATCACACCT-BaP_0878_14_S36_R1_001.fastq.gz","/nfs2/hts/miseq/211220_M01498_0865_000000000-K5JL5/L1/lane1-s036-index-GCGATCACACCT-BaP_0878_14_S36_R2_001.fastq.gz"
"BaP_0037","CTTGGAGGCTTA","BaP/AHR Trans","BaP_0037","F0","CoMo","BaP",37,"Fecal","TGCACAGTCGCT.1","lane1-s037-index-TGCACAGTCGCT-BaP_0879_15","UnknownLibrary",1,"/nfs2/hts/miseq/211220_M01498_0865_000000000-K5JL5/L1/lane1-s037-index-TGCACAGTCGCT-BaP_0879_15_S37_R1_001.fastq.gz","/nfs2/hts/miseq/211220_M01498_0865_000000000-K5JL5/L1/lane1-s037-index-TGCACAGTCGCT-BaP_0879_15_S37_R2_001.fastq.gz"
"BaP_0038","GTGCCGGCCGAC","BaP/AHR Trans","BaP_0038","F0","CoMo","BaP",38,"Fecal","GTCATGCTCCAG.1","lane1-s038-index-GTCATGCTCCAG-BaP_0880_16","UnknownLibrary",1,"/nfs2/hts/miseq/211220_M01498_0865_000000000-K5JL5/L1/lane1-s038-index-GTCATGCTCCAG-BaP_0880_16_S38_R1_001.fastq.gz","/nfs2/hts/miseq/211220_M01498_0865_000000000-K5JL5/L1/lane1-s038-index-GTCATGCTCCAG-BaP_0880_16_S38_R2_001.fastq.gz"
"BaP_0039","AGAGGGTGATCG","BaP/AHR Trans","BaP_0039","F0","CoMo","BaP",39,"Fecal","TATGGTACCCAG.1","lane1-s039-index-TATGGTACCCAG-BaP_0945_45","UnknownLibrary",1,"/nfs2/hts/miseq/211220_M01498_0865_000000000-K5JL5/L1/lane1-s039-index-TATGGTACCCAG-BaP_0945_45_S39_R1_001.fastq.gz","/nfs2/hts/miseq/211220_M01498_0865_000000000-K5JL5/L1/lane1-s039-index-TATGGTACCCAG-BaP_0945_45_S39_R2_001.fastq.gz"
"BaP_0040","GGATACTCGCAT","BaP/AHR Trans","BaP_0040","F0","CoMo","BaP",40,"Fecal","ACGTGAGGAACG.1","lane1-s040-index-ACGTGAGGAACG-BaP_0946_46","UnknownLibrary",1,"/nfs2/hts/miseq/211220_M01498_0865_000000000-K5JL5/L1/lane1-s040-index-ACGTGAGGAACG-BaP_0946_46_S40_R1_001.fastq.gz","/nfs2/hts/miseq/211220_M01498_0865_000000000-K5JL5/L1/lane1-s040-index-ACGTGAGGAACG-BaP_0946_46_S40_R2_001.fastq.gz"
"BaP_0041","TCATGGCCTCCG","BaP/AHR Trans","BaP_0041","F0","CoMo","BaP",41,"Fecal","AAGAACTCATGA.1","lane1-s041-index-AAGAACTCATGA-BaP_0947_47","UnknownLibrary",1,"/nfs2/hts/miseq/211220_M01498_0865_000000000-K5JL5/L1/lane1-s041-index-AAGAACTCATGA-BaP_0947_47_S41_R1_001.fastq.gz","/nfs2/hts/miseq/211220_M01498_0865_000000000-K5JL5/L1/lane1-s041-index-AAGAACTCATGA-BaP_0947_47_S41_R2_001.fastq.gz"
"BaP_0042","ATGTGCTGCTCG","BaP/AHR Trans","BaP_0042","F0","CoMo","BaP",42,"Fecal","TACGGATTATGG.1","lane1-s042-index-TACGGATTATGG-BaP_0948_48","UnknownLibrary",1,"/nfs2/hts/miseq/211220_M01498_0865_000000000-K5JL5/L1/lane1-s042-index-TACGGATTATGG-BaP_0948_48_S42_R1_001.fastq.gz","/nfs2/hts/miseq/211220_M01498_0865_000000000-K5JL5/L1/lane1-s042-index-TACGGATTATGG-BaP_0948_48_S42_R2_001.fastq.gz"
"BaP_0043","CCACGAGCAGGC","BaP/AHR Trans","BaP_0043","F0","CoMo","BaP",43,"Fecal","ACATACTGAGCA.1","lane1-s043-index-ACATACTGAGCA-BaP_0949_49","UnknownLibrary",1,"/nfs2/hts/miseq/211220_M01498_0865_000000000-K5JL5/L1/lane1-s043-index-ACATACTGAGCA-BaP_0949_49_S43_R1_001.fastq.gz","/nfs2/hts/miseq/211220_M01498_0865_000000000-K5JL5/L1/lane1-s043-index-ACATACTGAGCA-BaP_0949_49_S43_R2_001.fastq.gz"
"BaP_0044","CGCCGTACTTGC","BaP/AHR Trans","BaP_0044","F0","CoMo","BaP",44,"Fecal","CAAACGCACTAA.1","lane1-s044-index-CAAACGCACTAA-BaP_0950_50","UnknownLibrary",1,"/nfs2/hts/miseq/211220_M01498_0865_000000000-K5JL5/L1/lane1-s044-index-CAAACGCACTAA-BaP_0950_50_S44_R1_001.fastq.gz","/nfs2/hts/miseq/211220_M01498_0865_000000000-K5JL5/L1/lane1-s044-index-CAAACGCACTAA-BaP_0950_50_S44_R2_001.fastq.gz"
"BaP_0045","CTCTGAGGTAAC","BaP/AHR Trans","BaP_0045","F0","CoMo","BaP",45,"Fecal","TTACTGTGGCCG.1","lane1-s045-index-TTACTGTGGCCG-BaP_0951_51","UnknownLibrary",1,"/nfs2/hts/miseq/211220_M01498_0865_000000000-K5JL5/L1/lane1-s045-index-TTACTGTGGCCG-BaP_0951_51_S45_R1_001.fastq.gz","/nfs2/hts/miseq/211220_M01498_0865_000000000-K5JL5/L1/lane1-s045-index-TTACTGTGGCCG-BaP_0951_51_S45_R2_001.fastq.gz"
"BaP_0046","TCCGGCGGGCAA","BaP/AHR Trans","BaP_0046","F0","CoMo","BaP",46,"Fecal","TACCGAAGGTAT.1","lane1-s046-index-TACCGAAGGTAT-BaP_0952_52","UnknownLibrary",1,"/nfs2/hts/miseq/211220_M01498_0865_000000000-K5JL5/L1/lane1-s046-index-TACCGAAGGTAT-BaP_0952_52_S46_R1_001.fastq.gz","/nfs2/hts/miseq/211220_M01498_0865_000000000-K5JL5/L1/lane1-s046-index-TACCGAAGGTAT-BaP_0952_52_S46_R2_001.fastq.gz"
"BaP_0047","ACATGATATTCT","BaP/AHR Trans","BaP_0047","F0","CoMo","BaP",47,"Fecal","TACAATATCTGT.1","lane1-s047-index-TACAATATCTGT-Kit4","UnknownLibrary",1,"/nfs2/hts/miseq/211220_M01498_0865_000000000-K5JL5/L1/lane1-s047-index-TACAATATCTGT-Kit4_S47_R1_001.fastq.gz","/nfs2/hts/miseq/211220_M01498_0865_000000000-K5JL5/L1/lane1-s047-index-TACAATATCTGT-Kit4_S47_R2_001.fastq.gz"
"BaP_0048","TAAGGCATCGCT","BaP/AHR Trans","BaP_0048","F0","CoMo","BaP",48,"Fecal","GGTTGCCCTGTA.1","lane1-s048-index-GGTTGCCCTGTA-Blank4","UnknownLibrary",1,"/nfs2/hts/miseq/211220_M01498_0865_000000000-K5JL5/L1/lane1-s048-index-GGTTGCCCTGTA-Blank4_S48_R1_001.fastq.gz","/nfs2/hts/miseq/211220_M01498_0865_000000000-K5JL5/L1/lane1-s048-index-GGTTGCCCTGTA-Blank4_S48_R2_001.fastq.gz"
"BaP_0049","CACACAAAGTCA","BaP/AHR Trans","BaP_0049","F0","CoMo","BaP",49,"Fecal","TGATATCGTCTT.1","lane1-s049-index-TGATATCGTCTT-BaP_1019_83","UnknownLibrary",1,"/nfs2/hts/miseq/211220_M01498_0865_000000000-K5JL5/L1/lane1-s049-index-TGATATCGTCTT-BaP_1019_83_S49_R1_001.fastq.gz","/nfs2/hts/miseq/211220_M01498_0865_000000000-K5JL5/L1/lane1-s049-index-TGATATCGTCTT-BaP_1019_83_S49_R2_001.fastq.gz"
"BaP_0050","CGAGGCGAGTCA","BaP/AHR Trans","BaP_0050","F0","CoMo","BaP",50,"Fecal","ATACATGCAAGA.1","lane1-s050-index-ATACATGCAAGA-BaP_1020_84","UnknownLibrary",1,"/nfs2/hts/miseq/211220_M01498_0865_000000000-K5JL5/L1/lane1-s050-index-ATACATGCAAGA-BaP_1020_84_S50_R1_001.fastq.gz","/nfs2/hts/miseq/211220_M01498_0865_000000000-K5JL5/L1/lane1-s050-index-ATACATGCAAGA-BaP_1020_84_S50_R2_001.fastq.gz"
"BaP_0051","TAGTCTAAGGGT","BaP/AHR Trans","BaP_0051","F0","CoMo","BaP",51,"Fecal","GTTGATACGATG.1","lane1-s051-index-GTTGATACGATG-BaP_1021_85","UnknownLibrary",1,"/nfs2/hts/miseq/211220_M01498_0865_000000000-K5JL5/L1/lane1-s051-index-GTTGATACGATG-BaP_1021_85_S51_R1_001.fastq.gz","/nfs2/hts/miseq/211220_M01498_0865_000000000-K5JL5/L1/lane1-s051-index-GTTGATACGATG-BaP_1021_85_S51_R2_001.fastq.gz"
"BaP_0052","ATGACTAAGATG","BaP/AHR Trans","BaP_0052","F0","CoMo","BaP",52,"Fecal","GAAGAGGGTTGA.1","lane1-s052-index-GAAGAGGGTTGA-BaP_1022_86","UnknownLibrary",1,"/nfs2/hts/miseq/211220_M01498_0865_000000000-K5JL5/L1/lane1-s052-index-GAAGAGGGTTGA-BaP_1022_86_S52_R1_001.fastq.gz","/nfs2/hts/miseq/211220_M01498_0865_000000000-K5JL5/L1/lane1-s052-index-GAAGAGGGTTGA-BaP_1022_86_S52_R2_001.fastq.gz"
"BaP_0053","CAATGTAGACAC","BaP/AHR Trans","BaP_0053","F0","CoMo","BaP",53,"Fecal","GGTTCATGAACA.1","lane1-s053-index-GGTTCATGAACA-BaP_1023_87","UnknownLibrary",1,"/nfs2/hts/miseq/211220_M01498_0865_000000000-K5JL5/L1/lane1-s053-index-GGTTCATGAACA-BaP_1023_87_S53_R1_001.fastq.gz","/nfs2/hts/miseq/211220_M01498_0865_000000000-K5JL5/L1/lane1-s053-index-GGTTCATGAACA-BaP_1023_87_S53_R2_001.fastq.gz"
"BaP_0054","CCGCGTCTCAAC","BaP/AHR Trans","BaP_0054","F0","CoMo","BaP",54,"Fecal","TGAGTATGAGTA.1","lane1-s054-index-TGAGTATGAGTA-BaP_1024_88","UnknownLibrary",1,"/nfs2/hts/miseq/211220_M01498_0865_000000000-K5JL5/L1/lane1-s054-index-TGAGTATGAGTA-BaP_1024_88_S54_R1_001.fastq.gz","/nfs2/hts/miseq/211220_M01498_0865_000000000-K5JL5/L1/lane1-s054-index-TGAGTATGAGTA-BaP_1024_88_S54_R2_001.fastq.gz"
"BaP_0055","TGGTGGAGTTTC","BaP/AHR Trans","BaP_0055","F0","CoMo","BaP",55,"Fecal","AATTTAGGTAGG.1","lane1-s055-index-AATTTAGGTAGG-BaP_1089_117","UnknownLibrary",1,"/nfs2/hts/miseq/211220_M01498_0865_000000000-K5JL5/L1/lane1-s055-index-AATTTAGGTAGG-BaP_1089_117_S55_R1_001.fastq.gz","/nfs2/hts/miseq/211220_M01498_0865_000000000-K5JL5/L1/lane1-s055-index-AATTTAGGTAGG-BaP_1089_117_S55_R2_001.fastq.gz"
"BaP_0056","TCCGATAATCGG","BaP/AHR Trans","BaP_0056","F0","CoMo","BaP",56,"Fecal","CATATAGCCCGA.1","lane1-s056-index-CATATAGCCCGA-BaP_1090_118","UnknownLibrary",1,"/nfs2/hts/miseq/211220_M01498_0865_000000000-K5JL5/L1/lane1-s056-index-CATATAGCCCGA-BaP_1090_118_S56_R1_001.fastq.gz","/nfs2/hts/miseq/211220_M01498_0865_000000000-K5JL5/L1/lane1-s056-index-CATATAGCCCGA-BaP_1090_118_S56_R2_001.fastq.gz"
"BaP_0057","CGGCCAGAAGCA","BaP/AHR Trans","BaP_0057","F0","CoMo","BaP",57,"Fecal","CGGTGACCTACT.1","lane1-s057-index-CGGTGACCTACT-BaP_1091_119","UnknownLibrary",1,"/nfs2/hts/miseq/211220_M01498_0865_000000000-K5JL5/L1/lane1-s057-index-CGGTGACCTACT-BaP_1091_119_S57_R1_001.fastq.gz","/nfs2/hts/miseq/211220_M01498_0865_000000000-K5JL5/L1/lane1-s057-index-CGGTGACCTACT-BaP_1091_119_S57_R2_001.fastq.gz"
"BaP_0058","TCGCTACAGATG","BaP/AHR Trans","BaP_0058","F0","CoMo","BaP",58,"Fecal","CTTAGTGCAGAA.1","lane1-s058-index-CTTAGTGCAGAA-BaP_1092_120","UnknownLibrary",1,"/nfs2/hts/miseq/211220_M01498_0865_000000000-K5JL5/L1/lane1-s058-index-CTTAGTGCAGAA-BaP_1092_120_S58_R1_001.fastq.gz","/nfs2/hts/miseq/211220_M01498_0865_000000000-K5JL5/L1/lane1-s058-index-CTTAGTGCAGAA-BaP_1092_120_S58_R2_001.fastq.gz"
"BaP_0059","ATTATGATTATG","BaP/AHR Trans","BaP_0059","F0","CoMo","BaP",59,"Fecal","GTCAACGCTGTC.1","lane1-s059-index-GTCAACGCTGTC-BaP_1093_121","UnknownLibrary",1,"/nfs2/hts/miseq/211220_M01498_0865_000000000-K5JL5/L1/lane1-s059-index-GTCAACGCTGTC-BaP_1093_121_S59_R1_001.fastq.gz","/nfs2/hts/miseq/211220_M01498_0865_000000000-K5JL5/L1/lane1-s059-index-GTCAACGCTGTC-BaP_1093_121_S59_R2_001.fastq.gz"
"BaP_0060","GCCACCGCCGGA","BaP/AHR Trans","BaP_0060","F0","CoMo","BaP",60,"Fecal","TGAGTGGTCTGT.1","lane1-s060-index-TGAGTGGTCTGT-BaP_1094_122","UnknownLibrary",1,"/nfs2/hts/miseq/211220_M01498_0865_000000000-K5JL5/L1/lane1-s060-index-TGAGTGGTCTGT-BaP_1094_122_S60_R1_001.fastq.gz","/nfs2/hts/miseq/211220_M01498_0865_000000000-K5JL5/L1/lane1-s060-index-TGAGTGGTCTGT-BaP_1094_122_S60_R2_001.fastq.gz"
"BaP_0061","CTCCGAACAACA","BaP/AHR Trans","BaP_0061","F0","CoMo","BaP",61,"Fecal","TAACAATAATTC.1","lane1-s061-index-TAACAATAATTC-BaP_1095_123","UnknownLibrary",1,"/nfs2/hts/miseq/211220_M01498_0865_000000000-K5JL5/L1/lane1-s061-index-TAACAATAATTC-BaP_1095_123_S61_R1_001.fastq.gz","/nfs2/hts/miseq/211220_M01498_0865_000000000-K5JL5/L1/lane1-s061-index-TAACAATAATTC-BaP_1095_123_S61_R2_001.fastq.gz"
"BaP_0062","CCACTGCCCACC","BaP/AHR Trans","BaP_0062","F0","CoMo","BaP",62,"Fecal","AATGGTTCAGCA.1","lane1-s062-index-AATGGTTCAGCA-BaP_1096_124","UnknownLibrary",1,"/nfs2/hts/miseq/211220_M01498_0865_000000000-K5JL5/L1/lane1-s062-index-AATGGTTCAGCA-BaP_1096_124_S62_R1_001.fastq.gz","/nfs2/hts/miseq/211220_M01498_0865_000000000-K5JL5/L1/lane1-s062-index-AATGGTTCAGCA-BaP_1096_124_S62_R2_001.fastq.gz"
"BaP_0063","GAATATACCTGG","BaP/AHR Trans","BaP_0063","F0","CoMo","BaP",63,"Fecal","GACTCAACCAGT.1","lane1-s063-index-GACTCAACCAGT-BaP_0881_17","UnknownLibrary",1,"/nfs2/hts/miseq/211220_M01498_0865_000000000-K5JL5/L1/lane1-s063-index-GACTCAACCAGT-BaP_0881_17_S63_R1_001.fastq.gz","/nfs2/hts/miseq/211220_M01498_0865_000000000-K5JL5/L1/lane1-s063-index-GACTCAACCAGT-BaP_0881_17_S63_R2_001.fastq.gz"
"BaP_0064","ACCAGAAATGTC","BaP/AHR Trans","BaP_0064","F0","CoMo","BaP",64,"Fecal","GCCTATGAGATC.1","lane1-s064-index-GCCTATGAGATC-BaP_0882_18","UnknownLibrary",1,"/nfs2/hts/miseq/211220_M01498_0865_000000000-K5JL5/L1/lane1-s064-index-GCCTATGAGATC-BaP_0882_18_S64_R1_001.fastq.gz","/nfs2/hts/miseq/211220_M01498_0865_000000000-K5JL5/L1/lane1-s064-index-GCCTATGAGATC-BaP_0882_18_S64_R2_001.fastq.gz"
"BaP_0065","AACACCATCGAC","BaP/AHR Trans","BaP_0065","F0","CoMo","BaP",65,"Fecal","AATGCGCGTATA.1","lane1-s065-index-AATGCGCGTATA-BaP_0883_19","UnknownLibrary",1,"/nfs2/hts/miseq/211220_M01498_0865_000000000-K5JL5/L1/lane1-s065-index-AATGCGCGTATA-BaP_0883_19_S65_R1_001.fastq.gz","/nfs2/hts/miseq/211220_M01498_0865_000000000-K5JL5/L1/lane1-s065-index-AATGCGCGTATA-BaP_0883_19_S65_R2_001.fastq.gz"
"BaP_0066","TCTACATACATA","BaP/AHR Trans","BaP_0066","F0","CoMo","BaP",66,"Fecal","AATCTTGCGCCG.1","lane1-s066-index-AATCTTGCGCCG-BaP_0884_20","UnknownLibrary",1,"/nfs2/hts/miseq/211220_M01498_0865_000000000-K5JL5/L1/lane1-s066-index-AATCTTGCGCCG-BaP_0884_20_S66_R1_001.fastq.gz","/nfs2/hts/miseq/211220_M01498_0865_000000000-K5JL5/L1/lane1-s066-index-AATCTTGCGCCG-BaP_0884_20_S66_R2_001.fastq.gz"
"BaP_0067","TGGCGCACGGAC","BaP/AHR Trans","BaP_0067","F0","CoMo","BaP",67,"Fecal","TGAGACCCTACA.1","lane1-s067-index-TGAGACCCTACA-BaP_0885_21","UnknownLibrary",1,"/nfs2/hts/miseq/211220_M01498_0865_000000000-K5JL5/L1/lane1-s067-index-TGAGACCCTACA-BaP_0885_21_S67_R1_001.fastq.gz","/nfs2/hts/miseq/211220_M01498_0865_000000000-K5JL5/L1/lane1-s067-index-TGAGACCCTACA-BaP_0885_21_S67_R2_001.fastq.gz"
"BaP_0068","ACTGCCCGATAC","BaP/AHR Trans","BaP_0068","F0","CoMo","BaP",68,"Fecal","TTACACAAAGGC.1","lane1-s068-index-TTACACAAAGGC-BaP_0886_22","UnknownLibrary",1,"/nfs2/hts/miseq/211220_M01498_0865_000000000-K5JL5/L1/lane1-s068-index-TTACACAAAGGC-BaP_0886_22_S68_R1_001.fastq.gz","/nfs2/hts/miseq/211220_M01498_0865_000000000-K5JL5/L1/lane1-s068-index-TTACACAAAGGC-BaP_0886_22_S68_R2_001.fastq.gz"
"BaP_0069","AGTAGTTTCCTT","BaP/AHR Trans","BaP_0069","F0","CoMo","BaP",69,"Fecal","CTTATTAAACGT.1","lane1-s069-index-CTTATTAAACGT-BaP_0887_23","UnknownLibrary",1,"/nfs2/hts/miseq/211220_M01498_0865_000000000-K5JL5/L1/lane1-s069-index-CTTATTAAACGT-BaP_0887_23_S69_R1_001.fastq.gz","/nfs2/hts/miseq/211220_M01498_0865_000000000-K5JL5/L1/lane1-s069-index-CTTATTAAACGT-BaP_0887_23_S69_R2_001.fastq.gz"
"BaP_0070","GACCCGTTTCGC","BaP/AHR Trans","BaP_0070","F0","CoMo","BaP",70,"Fecal","GAACCAGTACTC.1","lane1-s070-index-GAACCAGTACTC-BaP_0888_24","UnknownLibrary",1,"/nfs2/hts/miseq/211220_M01498_0865_000000000-K5JL5/L1/lane1-s070-index-GAACCAGTACTC-BaP_0888_24_S70_R1_001.fastq.gz","/nfs2/hts/miseq/211220_M01498_0865_000000000-K5JL5/L1/lane1-s070-index-GAACCAGTACTC-BaP_0888_24_S70_R2_001.fastq.gz"
"BaP_0071","ATTGCCTTGATT","BaP/AHR Trans","BaP_0071","F0","CoMo","BaP",71,"Fecal","GCCTCTACGTCG.1","lane1-s071-index-GCCTCTACGTCG-BaP_0953_53","UnknownLibrary",1,"/nfs2/hts/miseq/211220_M01498_0865_000000000-K5JL5/L1/lane1-s071-index-GCCTCTACGTCG-BaP_0953_53_S71_R1_001.fastq.gz","/nfs2/hts/miseq/211220_M01498_0865_000000000-K5JL5/L1/lane1-s071-index-GCCTCTACGTCG-BaP_0953_53_S71_R2_001.fastq.gz"
"BaP_0072","TTAGGATTCTAT","BaP/AHR Trans","BaP_0072","F0","CoMo","BaP",72,"Fecal","CAAGTGAAGGGA.1","lane1-s072-index-CAAGTGAAGGGA-BaP_0954_54","UnknownLibrary",1,"/nfs2/hts/miseq/211220_M01498_0865_000000000-K5JL5/L1/lane1-s072-index-CAAGTGAAGGGA-BaP_0954_54_S72_R1_001.fastq.gz","/nfs2/hts/miseq/211220_M01498_0865_000000000-K5JL5/L1/lane1-s072-index-CAAGTGAAGGGA-BaP_0954_54_S72_R2_001.fastq.gz"
